O,in,C
Abate Carlo,0,ABA
Abecassis George,1,ABE
Acheson Kenny,2,ACH
Adams Philippe,3,ADA
Ader Walt,4,ADE
Adolff Kurt,5,ADO
Agabashian Fred,6,AGA
Ahrens Kurt,7,AHR
Albers Christijan,8,ALB
Albon Alexander,9,ALB
Alboreto Michele,10,ALB
Alesi Jean,11,ALE
Alguersuari Jaime,12,ALG
Alliot Philippe,13,ALL
Allison Cliff,14,ALL
Alonso Fernando,15,ALO
Amati Giovanna,16,AMA
Amick George,17,AMI
Amick Red,18,AMI
Amon Chris,19,AMO
Anderson Bob,20,AND
Andersson Conny,21,AND
Andretti Mario,22,AND
Andretti Michael,23,AND
Andrews Keith,24,AND
Apicella Marco,25,API
Armi Frank,26,ARM
Arnold Chuck,27,ARN
Arundell Peter,28,ARU
Ascari Alberto,29,ASC
Ashdown Peter,30,ASH
Ashley Ian,31,ASH
Ashmore Gerry,32,ASH
Aston Bill,33,AST
Attwood Richard,34,ATT
Ayulo Manny,35,AYU
Badoer Luca,36,BAD
Baghetti Giancarlo,37,BAG
Bailey Julian,38,BAI
Baldi Mauro,39,BAL
Ball Bobby,40,BAL
Balsa Marcel,41,BAL
Bandini Lorenzo,42,BAN
Banks Henry,43,BAN
Barbazza Fabrizio,44,BAR
Barber John,45,BAR
Barber Skip,46,BAR
Barilla Paolo,47,BAR
Barrichello Rubens,48,BAR
Bartels Michael,49,BAR
Barth Edgar,50,BAR
Bassi Giorgio,51,BAS
Bauer Erwin,52,BAU
Baumgartner Zsolt,53,BAU
Beauman Don,54,BEA
Behra Jean,55,BEH
Bell Derek,56,BEL
Bellof Stefan,57,BEL
Belmondo Paul,58,BEL
Beltoise Jean-Pierre,59,BEL
Beretta Olivier,60,BER
Berg Allen,61,BER
Berger Georges,62,BER
Berger Gerhard,63,BER
Bernoldi Enrique,64,BER
Bertaggia Enrico,65,BER
Bettenhausen Tony,66,BET
Beuttler Mike,67,BEU
Bianchi Jules,68,BIA
Bianchi Lucien,69,BIA
Bianco Gino,70,BIA
Binder Hans,71,BIN
Biondetti Clemente,72,BIO
Bira Prince,73,BIR
Birger Pablo,74,BIR
Bisch Art,75,BIS
Blanchard Harry,76,BLA
Bleekemolen Michael,77,BLE
Blignaut Alex,78,BLI
Blokdyk Trevor,79,BLO
Blundell Mark,80,BLU
Boesel Raul,81,BOE
Boffa Menato,82,BOF
Bondurant Bob,83,BON
Bonetto Felice,84,BON
Bonnier Jo,85,BON
Bonomi Roberto,86,BON
Bordeu Juan Manuel,87,BOR
Borgudd Slim,88,BOR
Botha Luki,89,BOT
Bottas Valtteri,90,BOT
Boullion Jean-Christophe,91,BOU
Boutsen Thierry,92,BOU
Boyd Johnny,93,BOY
Brabham David,94,BRA
Brabham Gary,95,BRA
Brabham Jack,96,BRA
Brack Bill,97,BRA
Brambilla Ernesto,98,BRA
Brambilla Vittorio,99,BRA
Branca Toni,100,BRA
Brancatelli Gianfranco,101,BRA
Brandon Eric,102,BRA
Branson Don,103,BRA
Bridger Tom,104,BRI
Brise Tony,105,BRI
Bristow Chris,106,BRI
Broeker Peter,107,BRO
Brooks Tony,108,BRO
Brown Alan,109,BRO
Brown Walt,110,BRO
Brown Warwick,111,BRO
Brudes Adolf,112,BRU
Brundle Martin,113,BRU
Bruni Gianmaria,114,BRU
Bryan Jimmy,115,BRY
Bucci Clemar,116,BUC
Bucknum Ronnie,117,BUC
Bueb Ivor,118,BUE
Bueno Luiz,119,BUE
Burgess Ian,120,BUR
Burti Luciano,121,BUR
Bussinello Roberto,122,BUS
Button Jenson,123,BUT
Byrne Tommy,124,BYR
Cabantous Yves,125,CAB
Cabianca Giulio,126,CAB
Cade Phil,127,CAD
Caffi Alex,128,CAF
Campbell-Jones John,129,CAM
Cannon John,130,CAN
Cantoni Eitel,131,CAN
Cantrell Bill,132,CAN
Capelli Ivan,133,CAP
Carini Piero,134,CAR
Carter Duane,135,CAR
Castellotti Eugenio,136,CAS
Cecotto Johnny,137,CEC
Chamberlain Jay,138,CHA
Chandhok Karun,139,CHA
Chapman Colin,140,CHA
Charlton Dave,141,CHA
Chaves Pedro,142,CHA
Cheesbourg Bill,143,CHE
Cheever Eddie,144,CHE
Chiesa Andrea,145,CHI
Chilton Max,146,CHI
Chimeri Ettore,147,CHI
Chiron Louis,148,CHI
Chitwood Joie,149,CHI
Christie Bob,150,CHR
Claes Johnny,151,CLA
Clapham David,152,CLA
Clark Jim,153,CLA
Cogan Kevin,154,COG
Collins Peter,155,COL
Collomb Bernard,156,COL
Colombo Alberto,157,COL
Comotti Franco,158,COM
Connor George,159,CON
Constantine George,160,CON
Cordts John,161,COR
Coulthard David,162,COU
Courage Piers,163,COU
Craft Chris,164,CRA
Crawford Jim,165,CRA
Crawford Ray,166,CRA
Crespo Alberto,167,CRE
Creus Antonio,168,CRE
Crockett Larry,169,CRO
Crook Tony,170,CRO
Cross Art,171,CRO
Crossley Geoff,172,CRO
Cruz Adolfo,173,CRU
da Matta Cristiano,174,DA 
da Silva Ramos Hernando,175,DA 
Daigh Chuck,176,DAI
Dalmas Yannick,177,DAL
Daly Derek,178,DAL
Danner Christian,179,DAN
Daponte Jorge,180,DAP
Davidson Anthony,181,DAV
Davies Jimmy,182,DAV
Davis Colin,183,DAV
Daywalt Jimmy,184,DAY
de Adamich Andrea,185,DE 
de Angelis Elio,186,DE 
de Beaufort Carel Godin,187,DE 
de Cesaris Andrea,188,DE 
de Changy Alain,189,DE 
de Dryver Bernard,190,DE 
de Filippis Maria,191,DE 
de Graffenried Toulo,192,DE 
de Klerk Peter,193,DE 
de la Rosa Pedro,194,DLR
de Portago Alfonso,195,DE 
de Riu Giovanni,196,DE 
de Terra Max,197,DE 
de Tomaso Alessandro,198,DE 
de Tornaco Charles,199,DE 
de Villota Emilio,200,DE 
de Vos Ernie,201,DE 
Depailler Patrick,202,DEP
di Grassi Lucas,203,DIG
di Resta Paul,204,DIR
Diniz Pedro,205,DIN
Dinsmore Duke,206,DIN
Dochnal Frank,207,DOC
Donnelly Martin,208,DON
Donohue Mark,209,DON
Doornbos Robert,210,DOO
d'Orey Fritz,211,D'O
Downing Ken,212,DOW
Drake Bob,213,DRA
Driver Paddy,214,DRI
Drogo Piero,215,DRO
Duke Geoff,216,DUK
Dumfries Johnny,217,DUM
Duncan Len,218,DUN
Dusio Piero,219,DUS
Eaton George,220,EAT
Ecclestone Bernie,221,ECC
Edmunds Don,222,EDM
Edwards Guy,223,EDW
Elford Vic,224,ELF
Elisian Ed,225,ELI
Emery Paul,226,EME
England Paul,227,ENG
Ericsson Marcus,228,ERI
Ertl Harald,229,ERT
Evans Bob,230,EVA
Fabi Corrado,231,FAB
Fabi Teo,232,FAB
Fabre Pascal,233,FAB
Facetti Carlo,234,FAC
Fagioli Luigi,235,FAG
Fairman Jack,236,FAI
Fangio Juan,237,FAN
Farina Nino,238,FAR
Faulkner Walt,239,FAU
Firman Ralph,240,FIR
Fischer Rudi,241,FIS
Fisher Mike,242,FIS
Fisichella Giancarlo,243,FIS
Fitch John,244,FIT
Fittipaldi Christian,245,FIT
Fittipaldi Emerson,246,FIT
Fittipaldi Wilson,247,FIT
Fitzau Theo,248,FIT
Flaherty Pat,249,FLA
Flinterman Jan,250,FLI
Flockhart Ron,251,FLO
Fohr Myron,252,FOH
Foitek Gregor,253,FOI
Follmer George,254,FOL
Fonder George,255,FON
Fontana Norberto,256,FON
Fontes Azdrubal,257,FON
Forberg Carl,258,FOR
Force Gene,259,FOR
Forini Franco,260,FOR
Fotheringham-Parker Philip,261,FOT
Foyt Anthony,262,FOY
Franchi Carlo,263,FRA
Francia Giorgio,264,FRA
Freeland Don,265,FRE
Frentzen Heinz-Harald,266,FRE
Friesacher Patrick,267,FRI
Fry Joe,268,FRY
Fushida Hiroshi,269,FUS
Gabbiani Beppe,270,GAB
Gachot Bertrand,271,GAC
Gaillard Patrick,272,GAI
Galica Divina,273,GAL
Galli Nanni,274,GAL
Gamble Fred,275,GAM
Ganley Howden,276,GAN
Gardner Frank,277,GAR
Garrett Billy,278,GAR
Gartner Jo,279,GAR
Gasly Pierre,280,GAS
Gaze Tony,281,GAZ
Gendebien Olivier,282,GEN
George Elmer,283,GEO
Gerard Bob,284,GER
Gerini Gerino,285,GER
Gethin Peter,286,GET
Ghinzani Piercarlo,287,GHI
Giacomelli Bruno,288,GIA
Gibson Dick,289,GIB
Ginther Richie,290,GIN
Giovinazzi Antonio,291,GIO
Giunti Ignazio,292,GIU
Glock Timo,293,GLO
Godia Paco,294,GOD
Goethals Christian,295,GOE
Goldsmith Paul,296,GOL
Gordini Aldo,297,GOR
Gould Horace,298,GOU
Gounon Jean-Marc,299,GOU
Green Cecil,300,GRE
Greene Keith,301,GRE
Gregory Masten,302,GRE
Griffith Cliff,303,GRI
Grignard Georges,304,GRI
Grim Bobby,305,GRI
Grosjean Romain,306,GRO
Grouillard Olivier,307,GRO
Gubby Brian,308,GUB
Guerrero Roberto,309,GUE
Gurney Dan,310,GUR
Hahne Hubert,311,HAH
Hailwood Mike,312,HAI
Halford Bruce,313,HAL
Hall Jim,314,HAL
Hamilton Duncan,315,HAM
Hamilton Lewis,316,HAM
Hampshire David,317,HAM
Hanks Sam,318,HAN
Hansgen Walt,319,HAN
Harris Mike,320,HAR
Harrison Cuth,321,HAR
Hart Brian,322,HAR
Hartley Brendon,323,HAR
Hartley Gene,324,HAR
Haryanto Rio,325,HAR
Hasemi Masahiro,326,HAS
Hattori Naoki,327,HAT
Hawkins Paul,328,HAW
Hawthorn Mike,329,HAW
Heeks Willi,330,HEE
Heidfeld Nick,331,HEI
Helfrich Theo,332,HEL
Hellings Mack,333,HEL
Henton Brian,334,HEN
Herbert Johnny,335,HER
Herman Al,336,HER
Herrmann Hans,337,HER
Heyer Hans,338,HEY
Hill Damon,339,HIL
Hill Graham,340,HIL
Hill Phil,341,HIL
Hirt Peter,342,HIR
Hobbs David,343,HOB
Hocking Gary,344,HOC
Hoffmann Ingo,345,HOF
Holland Bill,346,HOL
Holmes Jackie,347,HOL
Homeier Bill,348,HOM
Hoshino Kazuyoshi,349,HOS
Hoyt Jerry,350,HOY
Hulme Denny,351,HUL
Hunt James,352,HUN
Hurtubise Jim,353,HUR
Hutchison Gus,354,HUT
Ickx Jacky,355,ICK
Ide Yuji,356,IDE
Inoue Taki,357,INO
Ireland Innes,358,IRE
Irvine Eddie,359,IRV
Irwin Chris,360,IRW
Jabouille Jean-Pierre,361,JAB
Jackson Jimmy,362,JAC
James Joe,363,JAM
James John,364,JAM
Jarier Jean-Pierre,365,JAR
Jean Max,366,JEA
Johansson Stefan,367,JOH
Johnson Eddie,368,JOH
Johnson Leslie,369,JOH
Johnstone Bruce,370,JOH
Jones Alan,371,JON
Jones Tom,372,JON
Jover Juan,373,JOV
Karch Oswald,374,KAR
Karthikeyan Narain,375,KAR
Katayama Ukyo,376,KAT
Kavanagh Ken,377,KAV
Keegan Rupert,378,KEE
Keizan Eddie,379,KEI
Keller Al,380,KEL
Kelly Joe,381,KEL
Kennedy Dave,382,KEN
Kessel Loris,383,KES
Kessler Bruce,384,KES
Kiesa Nicolas,385,KIE
Kinnunen Leo,386,KIN
Kladis Danny,387,KLA
Klenk Hans,388,KLE
Klien Christian,389,KLI
Kling Karl,390,KLI
Klodwig Ernst,391,KLO
Kobayashi Kamui,392,KOB
Koinigg Helmuth,393,KOI
Kovalainen Heikki,394,KOV
Kozarowitzky Mikko,395,KOZ
Krause Rudolf,396,KRA
Kubica Robert,397,KUB
Kuhnke Kurt,398,KUH
Kvyat Daniil,399,KVY
La Caze Robert,400,LA 
Laffite Jacques,401,LAF
Lagorce Franck,402,LAG
Lammers Jan,403,LAM
Lamy Pedro,404,LAM
Landi Chico,405,LAN
Lang Hermann,406,LAN
Langes Claudio,407,LAN
Larini Nicola,408,LAR
Larrauri Oscar,409,LAR
Larreta Alberto Rodriguez,410,LAR
Larson Jud,411,LAR
Latifi Nicholas,412,LAT
Lauda Niki,413,LAU
Laurent Roger,414,LAU
Lavaggi Giovanni,415,LAV
Lawrence Chris,416,LAW
Leclerc Charles,417,LEC
Lederle Neville,418,LED
Lees Geoff,419,LEE
Legat Arthur,420,LEG
Leoni Lamberto,421,LEO
Leston Les,422,LES
Levegh Pierre,423,LEV
Levrett Bayliss,424,LEV
Lewis Jackie,425,LEW
Lewis-Evans Stuart,426,LEW
Ligier Guy,427,LIG
Linden Andy,428,LIN
Lippi Roberto,429,LIP
Liuzzi Vitantonio,430,LIU
Lombardi Lella,431,LOM
Loof Ernst,432,LOO
Louveau Henri,433,LOU
Love John,434,LOV
Lovely Pete,435,LOV
Loyer Roger,436,LOY
Lucas Jean,437,LUC
Lucienbonnet Jean,438,LUC
Lunger Boy,439,LUN
Lunger Brett,440,LUN
MacDowel Mike,441,MAC
MacKay-Fraser Herbert,442,MAC
Mackey Bill,443,MAC
Macklin Lance,444,MAC
Magee Damien,445,MAG
Maggs Tony,446,MAG
Magill Mike,447,MAG
Maglioli Umberto,448,MAG
Magnussen Jan,449,MAG
Magnussen Kevin,450,MAG
Mairesse Guy,451,MAI
Mairesse Willy,452,MAI
Maldonado Pastor,453,MAL
Mansell Nigel,454,MAN
Mantovani Sergio,455,MAN
Mantz Johnny,456,MAN
Manzon Robert,457,MAN
Marko Helmut,458,MAR
Marques Tarso,459,MAR
Marr Leslie,460,MAR
Marsh Tony,461,MAR
Martini Pierluigi,462,MAR
Mass Jochen,463,MAS
Massa Felipe,464,MAS
May Michael,465,MAY
Mayer Timmy,466,MAY
McAlpine Kenneth,467,MCA
McCarthy Perry,468,MCC
McCoy Ernie,469,MCC
McDowell Johnny,470,MCD
McGrath Jack,471,MCG
McGuire Brian,472,MCG
McLaren Bruce,473,MCL
McNish Allan,474,MCN
McRae Graham,475,MCR
McWithey Jim,476,MCW
Menditeguy Carlos,477,MEN
Merhi Roberto,478,MER
Merzario Arturo,479,MER
Mieres Roberto,480,MIE
Miles John,481,MIL
Miles Ken,482,MIL
Miller Chet,483,MIL
Mitter Gerhard,484,MIT
Modena Stefano,485,MOD
Monarch Thomas,486,MON
Montagny Franck,487,FMO
Monteiro Tiago,488,TMO
Montermini Andrea,489,MON
Monteverdi Peter,490,MON
Montgomerie-Charrington Robin,491,MON
Morbidelli Gianni,492,MOR
Moreno Roberto,493,MOR
Morgan Dave,494,MOR
Moser Silvio,495,MOS
Moss Bill,496,MOS
Moss Stirling,497,MOS
Munaron Gino,498,MUN
Murray David,499,MUR
Musso Luigi,500,MUS
Nakajima Kazuki,501,NAK
Nakajima Satoru,502,NAK
Nakano Shinji,503,NAK
Nalon Duke,504,NAL
Nannini Alessandro,505,NAN
Naspetti Emanuele,506,NAS
Nasr Felipe,507,NAS
Natili Massimo,508,NAT
Naylor Brian,509,NAY
Nazaruk Mike,510,NAZ
Needell Tiff,511,NEE
Nelleman Jac,512,NEL
Nicholson John,513,NIC
Niday Cal,514,NID
Niedermayr Helmut,515,NIE
Niemann Brausch,516,NIE
Nilsson Gunnar,517,NIL
Noda Hideki,518,NOD
Norris Lando,519,NOR
Nuckey Rodney,520,NUC
O'Brien Robert,521,O'B
Ocon Esteban,522,OCO
O'Connor Pat,523,O'C
Oliver Jackie,524,OLI
Ongais Danny,525,ONG
Owen Arthur,526,OWE
Pablo Montoya Juan,527,MON
Pace Carlos,528,PAC
Pagani Nello,529,PAG
Paletti Riccardo,530,PAL
Palm Torsten,531,PAL
Palmer Jolyon,532,PAL
Palmer Jonathan,533,PAL
Panis Olivier,534,PAN
Pantano Giorgio,535,PAN
Papis Massimiliano,536,PAP
Parkes Mike,537,PAR
Parnell Reg,538,PAR
Parnell Tim,539,PAR
Parsons Johnnie,540,PAR
Patrese Riccardo,541,PAT
Pease Al,542,PEA
Penske Roger,543,PEN
Perdisa Cesare,544,PER
Perkins Larry,545,PER
Pescarolo Henri,546,PES
Pesenti-Rossi Alessandro,547,PES
Peters Josef,548,PET
Peterson Ronnie,549,PET
Petrov Vitaly,550,PET
Pic Charles,551,PIC
Pieterse Ernie,552,PIE
Pietsch Paul,553,PIE
Pilette Teddy,554,PIL
Piotti Luigi,555,PIO
Piper David,556,PIP
Piquet Jr. Nelson,557,PIQ
Piquet Nelson,558,PIQ
Pirocchi Renato,559,PIR
Pironi Didier,560,PIR
Pirro Emanuele,561,PIR
Pollet Jacques,562,POL
Pon Ben,563,PON
Poore Dennis,564,POO
Posey Sam,565,POS
Pozzi Charles,566,POZ
Pretorius Jackie,567,PRE
Prinoth Ernesto,568,PRI
Prophet David,569,PRO
Prost Alain,570,PRO
Pryce Tom,571,PRY
Purley David,572,PUR
Puzey Clive,573,PUZ
Quester Dieter,574,QUE
Raby Ian,575,RAB
Rahal Bobby,576,RAH
Raphanel Pierre-Henri,577,RAP
Rathmann Dick,578,RAT
Rathmann Jim,579,RAT
Ratzenberger Roland,580,RAT
Rebaque Hector,581,REB
Redman Brian,582,RED
Reece Jimmy,583,REE
Reed Ray,584,REE
Rees Alan,585,REE
Regazzoni Clay,586,REG
Reutemann Carlos,587,REU
Reventlow Lance,588,REV
Revson Peter,589,REV
Rhodes John,590,RHO
Ribeiro Alex,591,RIB
Ricciardo Daniel,592,RIC
Richardson Ken,593,RIC
Riess Fritz,594,RIE
Rigsby Jim,595,RIG
Rindt Jochen,596,RIN
Riseley-Prichard John,597,RIS
Robarts Richard,598,ROB
Rol Franco,599,ROL
Rollinson Alan,600,ROL
Rolt Tony,601,ROL
Roos Bertil,602,ROO
Rosberg Keke,603,ROS
Rosberg Nico,604,ROS
Rose Mauri,605,ROS
Rosier Louis,606,ROS
Rosset Ricardo,607,ROS
Rossi Alexander,608,RSS
Rothengatter Huub,609,ROT
Ruby Lloyd,610,RUB
Russell George,611,RUS
Russo Eddie,612,RUS
Russo Giacomo,613,RUS
Russo Paul,614,RUS
Ruttman Troy,615,RUT
Ryan Peter,616,RYA
Sachs Eddie,617,SAC
Said Bob,618,SAI
Sainz Carlos,619,SAI
Salazar Eliseo,620,SAL
Salo Mika,621,SAL
Salvadori Roy,622,SAL
Sanesi Consalvo,623,SAN
Sato Takuma,624,SAT
Scarborough Carl,625,SCA
Scarfiotti Ludovico,626,SCA
Scarlatti Giorgio,627,SCA
Scheckter Ian,628,SCH
Scheckter Jody,629,SCH
Schell Harry,630,SCH
Schenken Tim,631,SCH
Scherrer Albert,632,SCH
Schiattarella Domenico,633,SCH
Schiller Heinz,634,SCH
Schindler Bill,635,SCH
Schlesser Jean-Louis,636,SCH
Schlesser Jo,637,SCH
Schneider Bernd,638,SCH
Schoeller Rudolf,639,SCH
Schroeder Rob,640,SCH
Schumacher Michael,641,MSC
Schumacher Ralf,642,SCH
Schuppan Vern,643,SCH
Scott Bob,644,SCO
Scott Brown Archie,645,SCO
Scotti Piero,646,SCO
Seidel Wolfgang,647,SEI
Senna Ayrton,648,SEN
Senna Bruno,649,SEN
Serafini Dorino,650,SER
Serra Chico,651,SER
Serrurier Doug,652,SER
Servoz-Gavin Johnny,653,SER
Settember Tony,654,SET
Sharp Hap,655,SHA
Shawe Taylor Brian,656,SHA
Shelby Carroll,657,SHE
Shelly Tony,658,SHE
Siffert Jo,659,SIF
Sirotkin Sergey,660,SIR
Slotemaker Rob,661,SLO
Soler-Roig Alex,662,SOL
Sommer Raymond,663,SOM
Sospiri Vincenzo,664,SOS
South Stephen,665,SOU
Sparken Mike,666,SPA
Speed Scott,667,SPE
Spence Mike,668,SPE
Stacey Alan,669,STA
Starrabba Gaetano,670,STA
Stevens Will,671,STE
Stevenson Chuck,672,STE
Stewart Ian,673,STE
Stewart Jackie,674,STE
Stewart Jimmy,675,STE
Stohr Siegfried,676,STO
Stommelen Rolf,677,STO
Streiff Philippe,678,STR
Stroll Lance,679,STR
Stuck Hans-Joachim,680,STU
Stuppacher Otto,681,STU
Sullivan Danny,682,SUL
Surer Marc,683,SUR
Surtees John,684,SUR
Sutcliffe Andy,685,SUT
Sutil Adrian,686,SUT
Sutton Len,687,SUT
Suzuki Aguri,688,SUZ
Suzuki Toshio,689,SUZ
Swaters Jacques,690,SWA
Sweikert Bob,691,SWE
Takagi Toranosuke,692,TAK
Takahara Noritake,693,TAK
Takahashi Kunimitsu,694,TAK
Tambay Patrick,695,TAM
Taramazzo Luigi,696,TAR
Tarquini Gabriele,697,TAR
Taruffi Piero,698,TAR
Taylor Dennis,699,TAY
Taylor Henry,700,TAY
Taylor John,701,TAY
Taylor Mike,702,TAY
Taylor Trevor,703,TAY
Teague Marshall,704,TEA
Templeman Shorty,705,TEM
Thackwell Mike,706,THA
Thiele Alfonso,707,THI
Thompson Eric,708,THO
Thomson Johnny,709,THO
Thorne Leslie,710,THO
Tingelstad Bud,711,TIN
Tingle Sam,712,TIN
Titterington Desmond,713,TIT
Tolan Johnnie,714,TOL
Trimmer Tony,715,TRI
Trintignant Maurice,716,TRI
Trulli Jarno,717,TRU
Tuero Esteban,718,TUE
Tunmer Guy,719,TUN
Turner Jack,720,TUR
Ulmen Toni,721,ULM
Unser Bobby,722,UNS
Unser Jerry,723,UNS
Uria Alberto,724,URI
Vaccarella Nino,725,VAC
van de Poele Eric,726,VAN
van der Garde Giedo,727,VDG
van der Lof Dries,728,VAN
van der Vyver Syd,729,VAN
van Lennep Gijs,730,VAN
van Rooyen Basil,731,VAN
Vandoorne Stoffel,732,VAN
Veith Bob,733,VEI
Verstappen Jos,734,VER
Verstappen Max,735,VER
Vettel Sebastian,736,VET
Villeneuve Gilles,737,VIL
Villeneuve Jacques,738,VIL
Villeneuve Sr. Jacques,739,VIL
Villoresi Luigi,740,VIL
Volonterio Ottorino,741,VOL
von Opel Rikky,742,VON
von Stuck Hans,743,VON
von Trips Wolfgang,744,VON
Vonlanthen Jo,745,VON
Vukovich Bill,746,VUK
Wacker Fred,747,WAC
Walker David,748,WAL
Walker Peter,749,WAL
Wallard Lee,750,WAL
Walter Heini,751,WAL
Ward Rodger,752,WAR
Warwick Derek,753,WAR
Watson John,754,WAT
Webb Travis,755,WEB
Webber Mark,756,WEB
Wehrlein Pascal,757,WEH
Weidler Volker,758,WEI
Weiler Wayne,759,WEI
Wendlinger Karl,760,WEN
Westbury Peter,761,WES
Weyant Chuck,762,WEY
Wharton Ken,763,WHA
Whiteaway Ted,764,WHI
Whitehead Graham,765,WHI
Whitehead Peter,766,WHI
Whitehouse Bill,767,WHI
Widdows Robin,768,WID
Wietzes Eppie,769,WIE
Wilds Mike,770,WIL
Williams Jonathan,771,WIL
Williamson Roger,772,WIL
Wilson Dempsey,773,WIL
Wilson Justin,774,WIL
Wilson Vic,775,WIL
Winkelhock Joachim,776,WIN
Winkelhock Manfred,777,WIN
Winkelhock Markus,778,WIN
Wisell Reine,779,WIS
Wunderink Roelof,780,WUN
Wurz Alexander,781,WUR
Yamamoto Sakon,782,YAM
Yoong Alex,783,YOO
Zanardi Alessandro,784,ZAN
Zapico Emilio,785,ZAP
Zonta Ricardo,786,ZON
Zorzi Renzo,787,ZOR
Zunino Ricardo,788,ZUN
Bourdais Sébastien,789,BOU
Räikkönen Kimi,790,RAI
Pizzonia Antônio,791,PIZ
Gené Marc,792,GEN
Häkkinen Mika,793,HÄK
Mazzacane Gastón,794,MAZ
Enge Tomáš,795,ENG
Sarrazin Stéphane,796,SAR
Délétraz Jean-Denis,797,DÉL
Comas Érik,798,COM
Bernard Éric,799,BER
Järvilehto Jyrki,800,JÄR
Gugelmin Maurício,801,GUG
Buemi Sébastien,802,BUE
Pérez-Sala Luis,803,PÉR
Arnoux René,804,ARN
Campos Adrián,805,CAM
Hesnault François,806,HES
Guerra Miguel Ángel,807,GUE
Londoño Ricardo,808,LON
Wilson Desiré,809,WIL
Nève Patrick,810,NÈV
Leclère Michel,811,LEC
Migault François,812,MIG
Belsø Tom,813,BEL
Larrousse Gérard,814,LAR
Dolhem José,815,DOL
Cevert François,816,CEV
Rodríguez Pedro,817,ROD
Mazet François,818,MAZ
Solana Moisés,819,SOL
Pilette André,820,PIL
Cabral Mário de Araújo,821,CAB
Estéfano Nasif,822,EST
Seiffert Günther,823,SEI
Rodríguez Ricardo,824,ROD
González José Froilán,825,GON
Testut André,826,TES
Guelfi André,827,GUE
Picard François,828,PIC
Simon André,829,SIM
Bayol Élie,830,BAY
Frère Paul,831,FRÈ
Milhoux André,832,MIL
Iglesias Jesús,833,IGL
Marimón Onofre,834,MAR
Gálvez Oscar,835,GÁL
Bechem Günther,836,BEC
Étancelin Philippe,837,ÉTA
Chaboud Eugène,838,CHA
Martin Eugène,839,MAR
Pián Alfredo,840,PIÁ
González Óscar,841,GON
Hülkenberg Nico,842,HUL
d'Ambrosio Jérôme,843,DAM
Pérez Sergio,844,PER
Vergne Jean-Éric,845,VER
Gutiérrez Esteban,846,GUT
Lotterer André,847,LOT
1-Win,848,1-Win
2-3,849,2-3
4-5,850,4-5
6-10,851,6-10
10-20,852,10-20
>20,853,>20
DNF,854,DNF
