O,in
Ă‰tancelin Philippe,0
Ader Walt,1
Agabashian Fred,2
Ascari Alberto,3
Banks Henry,4
Bettenhausen Tony,5
Biondetti Clemente,6
Bira Prince,7
Bonetto Felice,8
Branca Toni,9
Brown Walt,10
Cabantous Yves,11
Cantrell Bill,12
Carter Duane,13
Chaboud EugĂ¨ne,14
Chiron Louis,15
Chitwood Joie,16
Claes Johnny,17
Comotti Franco,18
Connor George,19
Crossley Geoff,20
Davies Jimmy,21
de Graffenried Toulo,22
Dinsmore Duke,23
Fagioli Luigi,24
Fangio Juan,25
Farina Nino,26
Faulkner Walt,27
Flaherty Pat,28
Fohr Myron,29
Fry Joe,30
Gerard Bob,31
GonzĂˇlez JosĂ© FroilĂˇn,32
Green Cecil,33
Hampshire David,34
Hanks Sam,35
Harrison Cuth,36
Hartley Gene,37
Hellings Mack,38
Holland Bill,39
Holmes Jackie,40
Hoyt Jerry,41
Jackson Jimmy,42
Johnson Leslie,43
Kelly Joe,44
Levegh Pierre,45
Levrett Bayliss,46
Louveau Henri,47
Mairesse Guy,48
Manzon Robert,49
Martin EugĂ¨ne,50
McDowell Johnny,51
McGrath Jack,52
Murray David,53
Pagani Nello,54
Parnell Reg,55
Parsons Johnnie,56
PiĂˇn Alfredo,57
Pietsch Paul,58
Pozzi Charles,59
Rathmann Dick,60
Rathmann Jim,61
Rol Franco,62
Rolt Tony,63
Rose Mauri,64
Rosier Louis,65
Russo Paul,66
Ruttman Troy,67
Sanesi Consalvo,68
Schell Harry,69
Schindler Bill,70
Serafini Dorino,71
Shawe Taylor Brian,72
Sommer Raymond,73
Taruffi Piero,74
Trintignant Maurice,75
Villoresi Luigi,76
Walker Peter,77
Wallard Lee,78
Webb Travis,79
Whitehead Peter,80
Abecassis George,81
Ayulo Manny,82
Ball Bobby,83
Fischer Rudi,84
Forberg Carl,85
Force Gene,86
Fotheringham-Parker Philip,87
Godia Paco,88
Gordini Aldo,89
Griffith Cliff,90
Grignard Georges,91
Hamilton Duncan,92
Hirt Peter,93
James Joe,94
James John,95
Jover Juan,96
Landi Chico,97
Linden Andy,98
Mackey Bill,99
MarimĂłn Onofre,100
Miller Chet,101
Moss Stirling,102
Nalon Duke,103
Nazaruk Mike,104
Pilette AndrĂ©,105
Richardson Ken,106
Scarborough Carl,107
Simon AndrĂ©,108
Stevenson Chuck,109
Swaters Jacques,110
Vukovich Bill,111
Ward Rodger,112
Aston Bill,113
Balsa Marcel,114
Bayol Ă‰lie,115
Bechem GĂĽnther,116
Behra Jean,117
Bianco Gino,118
Brandon Eric,119
Brown Alan,120
Brudes Adolf,121
Bryan Jimmy,122
Cantoni Eitel,123
Carini Piero,124
Collins Peter,125
Crespo Alberto,126
Crook Tony,127
Cross Art,128
de Terra Max,129
de Tornaco Charles,130
Downing Ken,131
Dusio Piero,132
Flinterman Jan,133
Fonder George,134
FrĂ¨re Paul,135
Gaze Tony,136
Hawthorn Mike,137
Heeks Willi,138
Helfrich Theo,139
Johnson Eddie,140
Klenk Hans,141
Klodwig Ernst,142
Krause Rudolf,143
Laurent Roger,144
Legat Arthur,145
Macklin Lance,146
McAlpine Kenneth,147
Montgomerie-Charrington Robin,148
Niedermayr Helmut,149
O'Brien Robert,150
Peters Josef,151
Poore Dennis,152
Reece Jimmy,153
Riess Fritz,154
Rigsby Jim,155
Salvadori Roy,156
Schoeller Rudolf,157
Scott Bob,158
Sweikert Bob,159
Thompson Eric,160
Ulmen Toni,161
van der Lof Dries,162
von Stuck Hans,163
Wharton Ken,164
Whitehead Graham,165
Adolff Kurt,166
Barber John,167
Barth Edgar,168
Bauer Erwin,169
Berger Georges,170
Birger Pablo,171
Cruz Adolfo,172
Daywalt Jimmy,173
Fairman Jack,174
Fitch John,175
Fitzau Theo,176
Freeland Don,177
GĂˇlvez Oscar,178
Herrmann Hans,179
Karch Oswald,180
Lang Hermann,181
Loof Ernst,182
Maglioli Umberto,183
Mantovani Sergio,184
Mantz Johnny,185
McCoy Ernie,186
Menditeguy Carlos,187
Mieres Roberto,188
Musso Luigi,189
Niday Cal,190
Nuckey Rodney,191
Scherrer Albert,192
Seidel Wolfgang,193
Stewart Ian,194
Stewart Jimmy,195
Teague Marshall,196
Thomson Johnny,197
Wacker Fred,198
Armi Frank,199
Beauman Don,200
Bucci Clemar,201
Crockett Larry,202
Daponte Jorge,203
de Riu Giovanni,204
Duncan Len,205
Elisian Ed,206
Flockhart Ron,207
Gould Horace,208
Homeier Bill,209
Kladis Danny,210
Kling Karl,211
Loyer Roger,212
Marr Leslie,213
O'Connor Pat,214
Pollet Jacques,215
Riseley-Prichard John,216
Thorne Leslie,217
Volonterio Ottorino,218
Whitehouse Bill,219
Andrews Keith,220
Boyd Johnny,221
Brabham Jack,222
Castellotti Eugenio,223
Crawford Ray,224
da Silva Ramos Hernando,225
Herman Al,226
Iglesias JesĂşs,227
Keller Al,228
Lucas Jean,229
Perdisa Cesare,230
Piotti Luigi,231
Russo Eddie,232
Sparken Mike,233
Templeman Shorty,234
Uria Alberto,235
Weyant Chuck,236
Whiteaway Ted,237
Bonnier Jo,238
Brooks Tony,239
Chapman Colin,240
Christie Bob,241
de Portago Alfonso,242
Emery Paul,243
Garrett Billy,244
Gendebien Olivier,245
Gerini Gerino,246
GonzĂˇlez Ă“scar,247
Halford Bruce,248
Leston Les,249
Milhoux AndrĂ©,250
Scarlatti Giorgio,251
Scott Brown Archie,252
Scotti Piero,253
Titterington Desmond,254
Tolan Johnnie,255
Turner Jack,256
Veith Bob,257
von Trips Wolfgang,258
Bueb Ivor,259
Cheesbourg Bill,260
de Beaufort Carel Godin,261
de Tomaso Alessandro,262
Edmunds Don,263
England Paul,264
George Elmer,265
Gibson Dick,266
Gregory Masten,267
Lewis-Evans Stuart,268
MacDowel Mike,269
MacKay-Fraser Herbert,270
Magill Mike,271
Marsh Tony,272
Naylor Brian,273
Sachs Eddie,274
Allison Cliff,275
Amick George,276
Bisch Art,277
Bridger Tom,278
Burgess Ian,279
Cabianca Giulio,280
de Filippis Maria,281
Ecclestone Bernie,282
Foyt Anthony,283
Goethals Christian,284
Goldsmith Paul,285
Guelfi AndrĂ©,286
Hill Graham,287
Hill Phil,288
Kavanagh Ken,289
Kessler Bruce,290
La Caze Robert,291
Larson Jud,292
McLaren Bruce,293
Picard FranĂ§ois,294
Shelby Carroll,295
Stacey Alan,296
Sutton Len,297
Taramazzo Luigi,298
Testut AndrĂ©,299
Unser Jerry,300
Wilson Dempsey,301
Amick Red,302
Arnold Chuck,303
Ashdown Peter,304
Bianchi Lucien,305
Blanchard Harry,306
Branson Don,307
Bristow Chris,308
Cabral MĂˇrio de AraĂşjo,309
Cade Phil,310
Constantine George,311
Davis Colin,312
de Changy Alain,313
d'Orey Fritz,314
Fontes Azdrubal,315
Greene Keith,316
Grim Bobby,317
Gurney Dan,318
Ireland Innes,319
Lovely Pete,320
Lucienbonnet Jean,321
McWithey Jim,322
Moss Bill,323
Parkes Mike,324
Parnell Tim,325
Piper David,326
Said Bob,327
Taylor Dennis,328
Taylor Henry,329
Taylor Mike,330
Taylor Trevor,331
Bonomi Roberto,332
Chimeri Ettore,333
Clark Jim,334
Creus Antonio,335
Daigh Chuck,336
Drake Bob,337
Drogo Piero,338
EstĂ©fano Nasif,339
Gamble Fred,340
Ginther Richie,341
Hall Jim,342
Hurtubise Jim,343
Larreta Alberto Rodriguez,344
Mairesse Willy,345
Munaron Gino,346
Owen Arthur,347
Reventlow Lance,348
Ruby Lloyd,349
Surtees John,350
Thiele Alfonso,351
Tingelstad Bud,352
Weiler Wayne,353
Wilson Vic,354
Ashmore Gerry,355
Baghetti Giancarlo,356
Bandini Lorenzo,357
Boffa Menato,358
Bordeu Juan Manuel,359
Bussinello Roberto,360
Campbell-Jones John,361
Collomb Bernard,362
Duke Geoff,363
Hansgen Walt,364
Lewis Jackie,365
Lippi Roberto,366
Maggs Tony,367
May Michael,368
Miles Ken,369
Monteverdi Peter,370
Natili Massimo,371
Penske Roger,372
Pirocchi Renato,373
Prinoth Ernesto,374
RodrĂ­guez Ricardo,375
Ryan Peter,376
Sharp Hap,377
Starrabba Gaetano,378
Vaccarella Nino,379
Abate Carlo,380
Arundell Peter,381
Chamberlain Jay,382
Harris Mike,383
Hocking Gary,384
Johnstone Bruce,385
Kuhnke Kurt,386
Lederle Neville,387
Love John,388
Mayer Timmy,389
Pieterse Ernie,390
Pon Ben,391
Schiller Heinz,392
Schroeder Rob,393
Seiffert GĂĽnther,394
Serrurier Doug,395
Settember Tony,396
Shelly Tony,397
Siffert Jo,398
Slotemaker Rob,399
Tingle Sam,400
van der Vyver Syd,401
Walter Heini,402
Amon Chris,403
Anderson Bob,404
Blokdyk Trevor,405
Brambilla Ernesto,406
Broeker Peter,407
de Klerk Peter,408
de Vos Ernie,409
Dochnal Frank,410
Driver Paddy,411
Hailwood Mike,412
Mitter Gerhard,413
Monarch Thomas,414
Niemann Brausch,415
Prophet David,416
Raby Ian,417
RodrĂ­guez Pedro,418
Scarfiotti Ludovico,419
Solana MoisĂ©s,420
Spence Mike,421
Attwood Richard,422
Bucknum Ronnie,423
Gardner Frank,424
Revson Peter,425
Rindt Jochen,426
Russo Giacomo,427
Taylor John,428
Bassi Giorgio,429
Blignaut Alex,430
Bondurant Bob,431
Charlton Dave,432
Clapham David,433
Gubby Brian,434
Hawkins Paul,435
Hulme Denny,436
Pretorius Jackie,437
Puzey Clive,438
Reed Ray,439
Rhodes John,440
Rollinson Alan,441
Stewart Jackie,442
Irwin Chris,443
Lawrence Chris,444
Ligier Guy,445
Ahrens Kurt,446
Beltoise Jean-Pierre,447
Botha Luki,448
Courage Piers,449
Fisher Mike,450
Hahne Hubert,451
Hart Brian,452
Hobbs David,453
Ickx Jacky,454
Jones Tom,455
Moser Silvio,456
Oliver Jackie,457
Pease Al,458
Rees Alan,459
Schlesser Jo,460
Servoz-Gavin Johnny,461
Wietzes Eppie,462
Williams Jonathan,463
Andretti Mario,464
Bell Derek,465
Brack Bill,466
de Adamich Andrea,467
Elford Vic,468
Pescarolo Henri,469
Redman Brian,470
Unser Bobby,471
van Rooyen Basil,472
Widdows Robin,473
Cordts John,474
Eaton George,475
Miles John,476
Cevert FranĂ§ois,477
Fittipaldi Emerson,478
Galli Nanni,479
Gethin Peter,480
Giunti Ignazio,481
Hutchison Gus,482
Peterson Ronnie,483
Regazzoni Clay,484
Schenken Tim,485
Soler-Roig Alex,486
Stommelen Rolf,487
Westbury Peter,488
Wisell Reine,489
Barber Skip,490
Beuttler Mike,491
Cannon John,492
Craft Chris,493
Donohue Mark,494
Ganley Howden,495
Jarier Jean-Pierre,496
Jean Max,497
Lauda Niki,498
Marko Helmut,499
Mazet FranĂ§ois,500
Posey Sam,501
van Lennep Gijs,502
Walker David,503
Depailler Patrick,504
Fittipaldi Wilson,505
Merzario Arturo,506
Migault FranĂ§ois,507
Pace Carlos,508
Reutemann Carlos,509
Scheckter Jody,510
Bueno Luiz,511
Follmer George,512
Hunt James,513
Keizan Eddie,514
Mass Jochen,515
McRae Graham,516
Purley David,517
von Opel Rikky,518
Watson John,519
Williamson Roger,520
Ashley Ian,521
BelsĂ¸ Tom,522
Brambilla Vittorio,523
Dolhem JosĂ©,524
Edwards Guy,525
Facetti Carlo,526
Jabouille Jean-Pierre,527
Kinnunen Leo,528
Koinigg Helmuth,529
Laffite Jacques,530
Larrousse GĂ©rard,531
Lombardi Lella,532
Nicholson John,533
Perkins Larry,534
Pilette Teddy,535
Pryce Tom,536
Quester Dieter,537
Robarts Richard,538
Roos Bertil,539
Scheckter Ian,540
Schuppan Vern,541
Stuck Hans-Joachim,542
Wilds Mike,543
Brise Tony,544
Crawford Jim,545
Ertl Harald,546
Evans Bob,547
Fushida Hiroshi,548
Henton Brian,549
Jones Alan,550
LeclĂ¨re Michel,551
Lunger Brett,552
Magee Damien,553
Morgan Dave,554
Palm Torsten,555
Trimmer Tony,556
Tunmer Guy,557
Vonlanthen Jo,558
Wunderink Roelof,559
Zorzi Renzo,560
Andersson Conny,561
Binder Hans,562
Brown Warwick,563
de Villota Emilio,564
Galica Divina,565
Hasemi Masahiro,566
Hoffmann Ingo,567
Hoshino Kazuyoshi,568
Kessel Loris,569
Lunger Boy,570
NĂ¨ve Patrick,571
Nelleman Jac,572
Nilsson Gunnar,573
Pesenti-Rossi Alessandro,574
Ribeiro Alex,575
Stuppacher Otto,576
Takahara Noritake,577
Zapico Emilio,578
Bleekemolen Michael,579
de Dryver Bernard,580
Francia Giorgio,581
Giacomelli Bruno,582
Heyer Hans,583
Keegan Rupert,584
Kozarowitzky Mikko,585
Leoni Lamberto,586
McGuire Brian,587
Ongais Danny,588
Patrese Riccardo,589
Rebaque Hector,590
Sutcliffe Andy,591
Takahashi Kunimitsu,592
Tambay Patrick,593
Villeneuve Gilles,594
Arnoux RenĂ©,595
Cheever Eddie,596
Colombo Alberto,597
Daly Derek,598
Franchi Carlo,599
Gabbiani Beppe,600
Lees Geoff,601
Piquet Nelson,602
Pironi Didier,603
Rahal Bobby,604
Rosberg Keke,605
Brancatelli Gianfranco,606
de Angelis Elio,607
Gaillard Patrick,608
Lammers Jan,609
Surer Marc,610
Zunino Ricardo,611
Cogan Kevin,612
de Cesaris Andrea,613
Johansson Stefan,614
Kennedy Dave,615
Mansell Nigel,616
Needell Tiff,617
Prost Alain,618
South Stephen,619
Thackwell Mike,620
Wilson DesirĂ©,621
Winkelhock Manfred,622
Alboreto Michele,623
Borgudd Slim,624
Ghinzani Piercarlo,625
Guerra Miguel Ăngel,626
LondoĂ±o Ricardo,627
Salazar Eliseo,628
Serra Chico,629
Stohr Siegfried,630
Villeneuve Sr. Jacques,631
Warwick Derek,632
Baldi Mauro,633
Boesel Raul,634
Byrne Tommy,635
Fabi Teo,636
Guerrero Roberto,637
Moreno Roberto,638
Paletti Riccardo,639
Acheson Kenny,640
Boutsen Thierry,641
Cecotto Johnny,642
Fabi Corrado,643
Palmer Jonathan,644
Schlesser Jean-Louis,645
Sullivan Danny,646
Alliot Philippe,647
Bellof Stefan,648
Berger Gerhard,649
Brundle Martin,650
Gartner Jo,651
Hesnault FranĂ§ois,652
Martini Pierluigi,653
Rothengatter Huub,654
Senna Ayrton,655
Streiff Philippe,656
Capelli Ivan,657
Danner Christian,658
Berg Allen,659
Caffi Alex,660
Dumfries Johnny,661
Nannini Alessandro,662
Campos AdriĂˇn,663
Dalmas Yannick,664
Fabre Pascal,665
Forini Franco,666
Larini Nicola,667
Modena Stefano,668
Nakajima Satoru,669
Tarquini Gabriele,670
Bailey Julian,671
Gugelmin MaurĂ­cio,672
Larrauri Oscar,673
PĂ©rez-Sala Luis,674
Raphanel Pierre-Henri,675
Schneider Bernd,676
Suzuki Aguri,677
Alesi Jean,678
Barilla Paolo,679
Bernard Ă‰ric,680
Bertaggia Enrico,681
Donnelly Martin,682
Foitek Gregor,683
Gachot Bertrand,684
Grouillard Olivier,685
Herbert Johnny,686
JĂ¤rvilehto Jyrki,687
Pirro Emanuele,688
Weidler Volker,689
Winkelhock Joachim,690
Brabham David,691
Brabham Gary,692
Langes Claudio,693
Morbidelli Gianni,694
Barbazza Fabrizio,695
Bartels Michael,696
Blundell Mark,697
Chaves Pedro,698
Comas Ă‰rik,699
HĂ¤kkinen Mika,700
Hattori Naoki,701
Schumacher Michael,702
van de Poele Eric,703
Wendlinger Karl,704
Zanardi Alessandro,705
Amati Giovanna,706
Belmondo Paul,707
Chiesa Andrea,708
Fittipaldi Christian,709
Hill Damon,710
Katayama Ukyo,711
McCarthy Perry,712
Naspetti Emanuele,713
Andretti Michael,714
Apicella Marco,715
Badoer Luca,716
Barrichello Rubens,717
Gounon Jean-Marc,718
Irvine Eddie,719
Lamy Pedro,720
Suzuki Toshio,721
Adams Philippe,722
Beretta Olivier,723
Coulthard David,724
DĂ©lĂ©traz Jean-Denis,725
Frentzen Heinz-Harald,726
Inoue Taki,727
Lagorce Franck,728
Montermini Andrea,729
Noda Hideki,730
Panis Olivier,731
Ratzenberger Roland,732
Salo Mika,733
Schiattarella Domenico,734
Verstappen Jos,735
Boullion Jean-Christophe,736
Diniz Pedro,737
Lavaggi Giovanni,738
Magnussen Jan,739
Papis Massimiliano,740
Fisichella Giancarlo,741
Marques Tarso,742
Rosset Ricardo,743
Villeneuve Jacques,744
Fontana Norberto,745
Nakano Shinji,746
Schumacher Ralf,747
Sospiri Vincenzo,748
Trulli Jarno,749
Wurz Alexander,750
Takagi Toranosuke,751
Tuero Esteban,752
de la Rosa Pedro,753
GenĂ© Marc,754
Sarrazin StĂ©phane,755
Zonta Ricardo,756
Burti Luciano,757
Button Jenson,758
Heidfeld Nick,759
Mazzacane GastĂłn,760
Alonso Fernando,761
Bernoldi Enrique,762
Enge TomĂˇĹˇ,763
Pablo Montoya Juan,764
RĂ¤ikkĂ¶nen Kimi,765
Yoong Alex,766
Davidson Anthony,767
Massa Felipe,768
McNish Allan,769
Sato Takuma,770
Webber Mark,771
Baumgartner Zsolt,772
da Matta Cristiano,773
Firman Ralph,774
Kiesa Nicolas,775
Pizzonia AntĂ´nio,776
Wilson Justin,777
Bruni Gianmaria,778
Glock Timo,779
Klien Christian,780
Pantano Giorgio,781
Albers Christijan,782
Doornbos Robert,783
Friesacher Patrick,784
Karthikeyan Narain,785
Liuzzi Vitantonio,786
Monteiro Tiago,787
Ide Yuji,788
Kubica Robert,789
Montagny Franck,790
Rosberg Nico,791
Speed Scott,792
Yamamoto Sakon,793
Hamilton Lewis,794
Kovalainen Heikki,795
Nakajima Kazuki,796
Sutil Adrian,797
Vettel Sebastian,798
Winkelhock Markus,799
Bourdais SĂ©bastien,800
Piquet Jr. Nelson,801
Alguersuari Jaime,802
Buemi SĂ©bastien,803
Grosjean Romain,804
Kobayashi Kamui,805
Chandhok Karun,806
di Grassi Lucas,807
HĂĽlkenberg Nico,808
Petrov Vitaly,809
Senna Bruno,810
d'Ambrosio JĂ©rĂ´me,811
di Resta Paul,812
Maldonado Pastor,813
PĂ©rez Sergio,814
Ricciardo Daniel,815
Pic Charles,816
Vergne Jean-Ă‰ric,817
Bianchi Jules,818
Bottas Valtteri,819
Chilton Max,820
GutiĂ©rrez Esteban,821
van der Garde Giedo,822
Ericsson Marcus,823
Kvyat Daniil,824
Lotterer AndrĂ©,825
Magnussen Kevin,826
Stevens Will,827
Merhi Roberto,828
Nasr Felipe,829
Rossi Alexander,830
Sainz Carlos,831
Verstappen Max,832
Haryanto Rio,833
Ocon Esteban,834
Palmer Jolyon,835
Vandoorne Stoffel,836
Wehrlein Pascal,837
Gasly Pierre,838
Giovinazzi Antonio,839
Hartley Brendon,840
Stroll Lance,841
Leclerc Charles,842
Sirotkin Sergey,843
Albon Alexander,844
Norris Lando,845
Russell George,846
Latifi Nicholas,847
Win,848
Podium,849
4-5,850
6-10,851
10-20,852
>20,853
Retired,854
Withdrew,855
Not classified,856
Did not qualify,857
Disqualified,858
Excluded,859
